locus_tag,gene_name,ncrna,start,end,strand,read_count,ins_index,gene_length,ins_count,fcn
BQ2027_MB0001,dnaA,0,1,1524,1,2,0.00145772594752187,1524,2,CHROMOSOMAL REPLICATION INITIATOR PROTEIN DNAA
BQ2027_MB0002,dnaN,0,2052,3260,1,0,0,1209,0,DNA POLYMERASE III (BETA CHAIN) DNAN (DNA NUCLEOTIDYLTRANSFERASE)
BQ2027_MB0004,BQ2027_MB0004,0,4434,4997,1,0,0,564,0,Zn-ribbon-containing, possibly RNA-binding protein and truncated derivatives
BQ2027_MB0006,gyrA,0,7302,9818,1,3,0.00132391879964696,2517,3,DNA GYRASE (SUBUNIT A) GYRA (DNA TOPOISOMERASE (ATP-HYDROLYSING)) (DNA TOPOISOMERASE II) (TYPE II DNA TOPOISOMERASE)
BQ2027_MB0014C,pknB,0,15589,17469,-1,1,0.000590667454223272,1881,1,TRANSMEMBRANE SERINE/THREONINE-PROTEIN KINASE B PKNB (PROTEIN KINASE B) (STPK B)
BQ2027_MB0015C,pknA,0,17466,18761,-1,0,0,1296,0,TRANSMEMBRANE SERINE/THREONINE-PROTEIN KINASE A PKNA (PROTEIN KINASE A) (STPK A)
BQ2027_MB0042,leuS,0,43546,46455,1,15,0.0011454753722795,2910,3,PROBABLE LEUCYL-tRNA SYNTHETASE LEUS (LEUCINE--tRNA LIGASE) (LEURS)
BQ2027_MB0047C,ino1,0,50005,51108,-1,0,0,1104,0,MYO-INOSITOL-1-PHOSPHATE SYNTHASE INO1 (Inositol 1-phosphate synthetase) (D-glucose 6-phosphate cycloaldolase) (Glucose 6-phosphate cyclase) (Glucocycloaldolase)
BQ2027_MB0054,rpsF,0,58182,58472,1,0,0,291,0,30s ribosomal protein s6 rpsf
BQ2027_MB0056,rpsR1,0,59112,59366,1,0,0,255,0,30s ribosomal protein s18-1 rpsr1
BQ2027_MB0059,dnaB,0,60386,63010,1,0,0,2625,0,PROBABLE REPLICATIVE DNA HELICASE DNAB
BQ2027_MB0105,BQ2027_MB0105,0,117750,119735,1,0,0,1986,0,PROBABLE CONSERVED INTEGRAL MEMBRANE PROTEIN
BQ2027_MB0123,fadD7,0,144089,145666,1,9,0.000703729767769177,1578,1,PROBABLE FATTY-ACID-COA LIGASE FADD7 (FATTY-ACID-COA SYNTHETASE) (FATTY-ACID-COA SYNTHASE)
BQ2027_MB0125C,fusA2a,0,147457,147810,-1,0,0,354,0,PROBABLE ELONGATION FACTOR G FUSA2A [FIRST PART] (EF-G)
BQ2027_MB0128,BQ2027_MB0128,0,148894,149262,1,0,0,369,0,unknown protein
BQ2027_MB0195C,ilvD,0,220188,221915,-1,2,0.0012853470437018,1728,2,PROBABLE DIHYDROXY-ACID DEHYDRATASE ILVD (DAD)
BQ2027_MB0210C,BQ2027_MB0210C,0,242172,243455,-1,1,0.000865051903114187,1284,1,PROBABLE CONSERVED TRANSMEMBRANE PROTEIN
BQ2027_MB0212C,mmpL3,0,244680,247514,-1,1,0.000391849529780564,2835,1,POSSIBLE CONSERVED TRANSMEMBRANE TRANSPORT PROTEIN MMPL3
BQ2027_MB0229C,BQ2027_MB0229C,0,266187,266951,-1,1,0.00145137880986938,765,1,POSSIBLE METHYLTRANSFERASE (METHYLASE)
BQ2027_MB0232C,BQ2027_MB0232C,0,269898,271163,-1,0,0,1266,0,PROBABLE CONSERVED MEMBRANE PROTEIN
BQ2027_MB0241C,aftd,0,280973,285175,-1,1,0.000264340470526038,4203,1,possible arabinofuranosyltransferase aftd
BQ2027_MB0250C,fadE5,0,292123,293958,-1,1,0.000604960677555959,1836,1,PROBABLE ACYL-COA DEHYDROGENASE FADE5
BQ2027_MB0290,ecca3,0,343132,345027,1,2,0.00117164616285882,1896,2,esx conserved component ecca3. esx-3 type vii secretion system protein.
BQ2027_MB0292,eccc3,0,346637,350629,1,1,0.000278241513633834,3993,1,esx conserved component eccc3. esx-3 type vii secretion system protein. possible membrane protein.
BQ2027_MB0293,PE5,0,350626,350934,1,0,0,309,0,pe family protein pe5
BQ2027_MB0294,PPE4,0,350937,352478,1,0,0,1542,0,ppe family protein ppe4
BQ2027_MB0295,esxG,0,352527,352820,1,0,0,294,0,ESAT-6-like protein EsxG
BQ2027_MB0297,espg3,0,353151,354038,1,0,0,888,0,esx-3 secretion-associated protein espg3
BQ2027_MB0298,eccd3,0,354085,355503,1,22,0.00156494522691706,1419,2,esx conserved component eccd3. esx-3 type vii secretion system protein. probable transmembrane protein.
BQ2027_MB0299,mycp3,0,355500,356885,1,0,0,1386,0,probable membrane-anchored mycosin mycp3 (serine protease) (subtilisin-like protease) (subtilase-like) (mycosin-3)
BQ2027_MB0300,ecce3,0,356882,357877,1,0,0,996,0,esx conserved component ecce3. esx-3 type vii secretion system protein. probable transmembrane protein.
BQ2027_MB0345C,BQ2027_MB0345C,0,404223,406871,-1,0,0,2649,0,probable iron-sulfur-binding reductase
BQ2027_MB0356,BQ2027_MB0356,0,419322,419975,1,1,0.00169779286926995,654,1,POSSIBLE TRANSCRIPTIONAL REGULATORY PROTEIN
BQ2027_MB0358,dnaK,0,420864,422741,1,3,0.00118273211117682,1878,2,PROBABLE CHAPERONE PROTEIN DNAK (HEAT SHOCK PROTEIN 70) (HEAT SHOCK 70 KDA PROTEIN) (HSP70)
BQ2027_MB0359,grpE,0,422738,423445,1,1,0.00156739811912226,708,1,PROBABLE GRPE PROTEIN (HSP-70 COFACTOR)
BQ2027_MB0364C,purA,0,436488,437786,-1,0,0,1299,0,PROBABLE ADENYLOSUCCINATE SYNTHETASE PURA (IMP--ASPARTATE LIGASE) (ADSS) (AMPSASE)
BQ2027_MB0370C,fba,0,442282,443316,-1,0,0,1035,0,PROBABLE FRUCTOSE-BISPHOSPHATE ALDOLASE FBA
BQ2027_MB0390C,BQ2027_MB0390C,0,459478,460332,-1,0,0,855,0,POSSIBLE CONSERVED SECRETED PROTEIN
BQ2027_MB0391C,clpB,0,460473,463019,-1,1,0.000436109899694723,2547,1,PROBABLE ENDOPEPTIDASE ATP BINDING PROTEIN (CHAIN B) CLPB (CLPB PROTEIN) (HEAT SHOCK PROTEIN F84.1)
BQ2027_MB0422C,thiE,0,501369,502037,-1,1,0.00165837479270315,669,1,thiamine-phosphate pyrophosphorylase thie (tmp pyrophosphorylase) (tmp-ppase) (thiamine-phosphate synthase)
BQ2027_MB0424,thiS,0,503186,503392,1,0,0,207,0,POSSIBLE PROTEIN THIS
BQ2027_MB0425,thiG,0,503385,504143,1,0,0,759,0,PROBABLE THIAMIN BIOSYNTHESIS PROTEIN THIG (THIAZOLE BIOSYNTHESIS PROTEIN)
BQ2027_MB0430C,thiD,0,508777,509574,-1,0,0,798,0,PROBABLE PHOSPHOMETHYLPYRIMIDINE KINASE THID (HMP-PHOSPHATE KINASE) (HMP-P KINASE)
BQ2027_MB0431C,thiC,0,509601,511244,-1,1,0.000675675675675676,1644,1,PROBABLE THIAMINE BIOSYNTHESIS PROTEIN THIC
BQ2027_MB0437C,def,0,518822,519415,-1,0,0,594,0,PROBABLE POLYPEPTIDE DEFORMYLASE DEF (PDF) (FORMYLMETHIONINE DEFORMYLASE)
BQ2027_MB0438,BQ2027_MB0438,0,519752,520060,1,0,0,309,0,tuberculin secretion
BQ2027_MB0448,groEL2,0,529627,531249,1,10,0.000684462696783025,1623,1,60 KDA CHAPERONIN 2 GROEL2 (PROTEIN CPN60-2) (GROEL PROTEIN 2) (65 KDA ANTIGEN) (HEAT SHOCK PROTEIN 65) (CELL WALL PROTEIN A) (ANTIGEN A)
BQ2027_MB0496,msha,0,576311,577753,1,1,0.000769822940723634,1443,1,glycosyltransferase msha
BQ2027_MB0523,hemC,0,603008,603937,1,1,0.001194743130227,930,1,PROBABLE PORPHOBILINOGEN DEAMINASE HEMC (PBG) (HYDROXYMETHYLBILANE SYNTHASE) (HMBS) (PRE-UROPORPHYRINOGEN SYNTHASE)
BQ2027_MB0524,hemD,0,603970,605667,1,1,0.00065402223675605,1698,1,PROBABLE UROPORPHYRIN-III C-METHYLTRANSFERASE HEMD (UROPORPHYRINOGEN III METHYLASE) (UROGEN III METHYLASE) (SUMT) (UROGEN III METHYLASE) (UROM)
BQ2027_MB0525,hemB,0,605753,606742,1,0,0,990,0,PROBABLE DELTA-AMINOLEVULINIC ACID DEHYDRATASE HEMB (PORPHOBILINOGEN SYNTHASE) (ALAD) (ALADH)
BQ2027_MB0538,BQ2027_MB0538,0,617373,617981,1,0,0,609,0,Hypothetical, related to broad specificity phosphatases COG0406
BQ2027_MB0540,ccdA,0,618643,619422,1,1,0.00142450142450142,780,1,POSSIBLE CYTOCHROME C-TYPE BIOGENESIS PROTEIN CCDA
BQ2027_MB0541,BQ2027_MB0541,0,619455,621044,1,0,0,1590,0,PROBABLE CONSERVED TRANSMEMBRANE PROTEIN
BQ2027_MB0542,ccsA,0,621041,622015,1,0,0,975,0,POSSIBLE CYTOCHROME C-TYPE BIOGENESIS PROTEIN CCSA
BQ2027_MB0546,PE_PGRS6b,0,625594,625821,1,0,0,228,0,PE-PGRS FAMILY PROTEIN [SECOND PART]
BQ2027_MB0557C,BQ2027_MB0557C,0,636817,637119,-1,0,0,303,0,conserved protein
BQ2027_MB0563C,vapc3,0,641472,641579,-1,0,0,108,0,CONSERVED HYPOTHETICAL PROTEIN [SECOND PART]
BQ2027_MB0568,menC,0,645733,646713,1,1,0.00113250283125708,981,1,PROBABLE MUCONATE CYCLOISOMERASE MENC (CIS,CIS-MUCONATE LACTONIZING ENZYME) (MLE)
BQ2027_MB0571,BQ2027_MB0571,0,649202,649717,1,0,0,516,0,PROBABLE CONSERVED TRANSMEMBRANE PROTEIN
BQ2027_MB0573,menH,0,650932,651636,1,0,0,705,0,PROBABLE UBIQUINONE/MENAQUINONE BIOSYNTHESIS METHYLTRANSFERASE MENH (2-heptaprenyl-1,4-naphthoquinone methyltransferase)
BQ2027_MB0577,grcC1,0,654014,655021,1,10,0.00110132158590308,1008,1,PROBABLE POLYPRENYL-DIPHOSPHATE SYNTHASE GRCC1 (POLYPRENYL PYROPHOSPHATE SYNTHETASE)
BQ2027_MB0643,vapc5,0,719528,719935,1,0,0,408,0,possible toxin vapc5
BQ2027_MB0655,hadB,0,733629,734057,1,0,0,429,0,(3r)-hydroxyacyl-acp dehydratase subunit hadb
BQ2027_MB0658,nusG,0,735490,736206,1,0,0,717,0,PROBABLE TRANSCRIPTION ANTITERMINATION PROTEIN NUSG
BQ2027_MB0659,rplK,0,736258,736686,1,0,0,429,0,50s ribosomal protein l11 rplk
BQ2027_MB0666C,BQ2027_MB0666C,0,742387,743853,-1,1,0.000757002271006813,1467,1,Predicted unusual protein kinase
BQ2027_MB0670,rplJ,0,750045,750581,1,0,0,537,0,50s ribosomal protein l10 rplj
BQ2027_MB0671,rplL,0,750618,751010,1,0,0,393,0,50s ribosomal protein l7/l12 rpll (sa1)
BQ2027_MB0685,BQ2027_MB0685,0,760905,761078,1,0,0,174,0,POSSIBLE MEMBRANE PROTEIN
BQ2027_MB0686,rpoB,0,761576,765094,1,5,0.00157828282828283,3519,5,DNA-DIRECTED RNA POLYMERASE (BETA CHAIN) RPOB (TRANSCRIPTASE BETA CHAIN) (RNA POLYMERASE BETA SUBUNIT)
BQ2027_MB0687,rpoC,0,765139,769089,1,2,0.000562429696287964,3951,2,DNA-DIRECTED RNA POLYMERASE (BETA' CHAIN) RPOC (TRANSCRIPTASE BETA' CHAIN) (RNA POLYMERASE BETA' SUBUNIT).
BQ2027_MB0694,echA5,0,776552,777343,1,0,0,792,0,PROBABLE ENOYL-COA HYDRATASE ECHA5 (ENOYL HYDRASE) (UNSATURATED ACYL-COA HYDRATASE) (CROTONASE)
BQ2027_MB0697,mmpR5,0,780759,781256,1,0,0,498,0,MarR family transcriptional regulator associated with MmpL5/MmpS5 efflux system
BQ2027_MB0702,rpsG,0,783703,784173,1,0,0,471,0,30s ribosomal protein s7 rpsg
BQ2027_MB0704,tuf,0,786590,787780,1,0,0,1191,0,probable iron-regulated elongation factor tu tuf (ef-tu)
BQ2027_MB0710A,BQ2027_MB0710A,0,793427,793615,1,0,0,189,0,Mycofactocin precursor protein
BQ2027_MB0720,rpsJ,0,802255,802560,1,0,0,306,0,30S RIBOSOMAL PROTEIN S10 RPSJ (TRANSCRIPTION ANTITERMINATION FACTOR NUSE)
BQ2027_MB0721,rplC,0,802577,803230,1,0,0,654,0,50s ribosomal protein l3 rplc
BQ2027_MB0722,rplD,0,803230,803901,1,1,0.00165289256198347,672,1,50s ribosomal protein l4 rpld
BQ2027_MB0723,rplW,0,803901,804203,1,0,0,303,0,50s ribosomal protein l23 rplw
BQ2027_MB0724,rplB,0,804350,805192,1,0,0,843,0,50s ribosomal protein l2 rplb
BQ2027_MB0725,rpsS,0,805233,805514,1,0,0,282,0,30s ribosomal protein s19 rpss
BQ2027_MB0726,rplV,0,805511,806104,1,0,0,594,0,50s ribosomal protein l22 rplv
BQ2027_MB0727,rpsC,0,806104,806928,1,0,0,825,0,30s ribosomal protein s3 rpsc
BQ2027_MB0728,rplP,0,806932,807348,1,0,0,417,0,50s ribosomal protein l16 rplp
BQ2027_MB0730,rpsQ,0,807578,807988,1,0,0,411,0,30s ribosomal protein s17 rpsq
BQ2027_MB0735,rplN,0,813195,813563,1,0,0,369,0,50s ribosomal protein l14 rpln
BQ2027_MB0737,rplE,0,813881,814444,1,0,0,564,0,50s ribosomal protein l5 rple
BQ2027_MB0738,rpsN1,0,814449,814634,1,0,0,186,0,30s ribosomal protein s14 rpsn1
BQ2027_MB0739,rpsH,0,814798,815196,1,0,0,399,0,30s ribosomal protein s8 rpsh
BQ2027_MB0740,rplF,0,815220,815759,1,0,0,540,0,50s ribosomal protein l6 rplf
BQ2027_MB0741,rplR,0,815762,816130,1,0,0,369,0,50s ribosomal protein l18 rplr
BQ2027_MB0742,rpsE,0,816150,816812,1,0,0,663,0,30s ribosomal protein s5 rpse
BQ2027_MB0753,secY,0,826622,827947,1,0,0,1326,0,PROBABLE PREPROTEIN TRANSLOCASE SECY
BQ2027_MB0754,adk,0,827944,828489,1,0,0,546,0,adenylate kinase adk (atp-amp transphosphorylase)
BQ2027_MB0802C,BQ2027_MB0802C,0,874861,875481,-1,0,0,621,0,POSSIBLE CONSERVED TRANSMEMBRANE PROTEIN
BQ2027_MB0811,purS,0,884714,884953,1,0,0,240,0,Phosphoribosylformylglycinamidine synthase, PurS subunit (EC
BQ2027_MB0812,purQ,0,884950,885624,1,0,0,675,0,PROBABLE PHOSPHORIBOSYLFORMYLGLYCINAMIDINE SYNTHASE I PURG (FGAM SYNTHASE I)
BQ2027_MB0826,purL,0,896650,898914,1,5,0.000490436488474743,2265,1,PHOSPHORIBOSYLFORMYLGLYCINAMIDINE SYNTHASE II PURL (FGAM SYNTHASE II)
BQ2027_MB0834C,BQ2027_MB0834C,0,906064,907170,-1,0,0,1107,0,tRNA-modifying protein YgfZ
BQ2027_MB0840C,BQ2027_MB0840C,0,910860,911672,-1,1,0.00136612021857923,813,1,PROBABLE CONSERVED EXPORTED PROTEIN
BQ2027_MB0847C,desA1,0,918564,919580,-1,2,0.00109170305676856,1017,1,PROBABLE ACYL-[ACYL-CARRIER PROTEIN] DESATURASE DESA1 (ACYL-[ACP] DESATURASE) (STEAROYL-ACP DESATURASE) (PROTEIN DES)
BQ2027_MB0907C,BQ2027_MB0907C,0,980971,981732,-1,0,0,762,0,CONSERVED HYPOTHETICAL PROTEIN
BQ2027_MB0908C,serC,0,981889,983019,-1,1,0.000982318271119843,1131,1,POSSIBLE PHOSPHOSERINE AMINOTRANSFERASE SERC (PSAT)
BQ2027_MB0920,gltA2,0,999937,1001232,1,4,0.000856898029134533,1296,1,PROBABLE CITRATE SYNTHASE I GLTA2
BQ2027_MB0926C,prrB,0,1004966,1006306,-1,2,0.00165700082850041,1341,2,TWO COMPONENT SENSOR HISTIDINE KINASE PRRB
BQ2027_MB0927C,prrA,0,1006317,1007027,-1,0,0,711,0,TWO COMPONENT RESPONSE TRANSCRIPTIONAL REGULATORY PROTEIN PRRA
BQ2027_MB0940C,PE7,0,1021810,1022109,-1,0,0,300,0,pe family protein pe7
BQ2027_MB0971C,pgi,0,1055491,1057152,-1,1,0.000668449197860963,1662,1,PROBABLE GLUCOSE-6-PHOSPHATE ISOMERASE PGI (GPI) (PHOSPHOGLUCOSE ISOMERASE) (PHOSPHOHEXOSE ISOMERASE) (PHI)
BQ2027_MB0977,sucD,0,1063607,1064518,1,0,0,912,0,PROBABLE SUCCINYL-COA SYNTHETASE (ALPHA CHAIN) SUCD (SCS-ALPHA)
BQ2027_MB0980,BQ2027_MB0980,0,1066545,1067912,1,1,0.000811688311688312,1368,1,PROBABLE CONSERVED INTEGRAL MEMBRANE PROTEIN
BQ2027_MB1004C,BQ2027_MB1004C,0,1095149,1095343,-1,0,0,195,0,HYPOTHETICAL PROTEIN
BQ2027_MB1020,galU,0,1109751,1110671,1,4,0.00120627261761158,921,1,utp--glucose-1-phosphate uridylyltransferase galu (udp-glucose pyrophosphorylase) (udpgp) (alpha-d-glucosyl-1-phosphate uridylyltransferase) (uridine diphosphoglucose pyrophosphorylase)
BQ2027_MB1034C,metS,0,1125923,1127482,-1,0,0,1560,0,methionyl-trna synthetase mets (metrs) (methionine--trna ligase)
BQ2027_MB1038,ispE,0,1130670,1131590,1,0,0,921,0,Probable 4-diphosphocytidyl-2-C-methyl-D-erythritol kinase ISPE (CMK) (4-(cytidine-5'-diphospho)-2-C-methyl-D-erythritol kinase)
BQ2027_MB1042C,pth,0,1133813,1134388,-1,0,0,576,0,PROBABLE PEPTIDYL-TRNA HYDROLASE PTH
BQ2027_MB1045C,prsA,0,1135976,1136956,-1,0,0,981,0,PROBABLE RIBOSE-PHOSPHATE PYROPHOSPHOKINASE PRSA (Phosphoribosyl pyrophosphate synthetase) (PRPP synthetase)
BQ2027_MB1046C,glmU,0,1137048,1138535,-1,0,0,1488,0,Probable UDP-N-acetylglucosamine pyrophosphorylase glmU
BQ2027_MB1051,eno,0,1145039,1146328,1,6,0.00172265288544358,1290,2,PROBABLE ENOLASE ENO
BQ2027_MB1052,BQ2027_MB1052,0,1146333,1147019,1,0,0,687,0,possible conserved membrane protein
BQ2027_MB1053,BQ2027_MB1053,0,1147036,1147503,1,0,0,468,0,FIG004853: possible toxin to DivIC
BQ2027_MB1057,kdpF,0,1152395,1152487,1,0,0,93,0,Probable membrane protein kdpF
BQ2027_MB1084,BQ2027_MB1084,0,1177715,1177849,1,0,0,135,0,POSSIBLE INTEGRASE (FRAGMENT)
BQ2027_MB1122C,coaA,0,1220648,1221586,-1,0,0,939,0,Probable pantothenate kinase coaA (Pantothenic acid kinase)
BQ2027_MB1124,desA2,0,1223359,1224186,1,0,0,828,0,POSSIBLE ACYL-[ACYL-CARRIER PROTEIN] DESATURASE DESA2 (ACYL-[ACP] DESATURASE) (STEAROYL-ACP DESATURASE)
BQ2027_MB1128C,fum,0,1227541,1228965,-1,0,0,1425,0,PROBABLE FUMARASE FUM (Fumarate hydratase)
BQ2027_MB1143,vapb32,0,1240815,1241012,1,0,0,198,0,possible antitoxin vapb32
BQ2027_MB1144,vapc32,0,1241009,1241383,1,0,0,375,0,possible toxin vapc32. contains pin domain.
BQ2027_MB1153,gnd2,0,1246528,1247550,1,0,0,1023,0,probable 6-phosphogluconate dehydrogenase,decarboxylating gnd2
BQ2027_MB1164C,metE,0,1260466,1262745,-1,2,0.000974658869395711,2280,2,PROBABLE 5-METHYLTETRAHYDROPTEROYLTRIGLUTAMATE--HOMOCYSTEINE METHYLTRANSFERASE METE (methionine synthase, vitamin-B12 independent isozyme)
BQ2027_MB1233C,dapd,0,1345491,1346444,-1,0,0,954,0,tetrahydrodipicolinate n-succinyltransferase dapd
BQ2027_MB1240,gpgs,0,1353419,1354393,1,1,0.00113895216400911,975,1,probable glucosyl-3-phosphoglycerate synthase gpgs
BQ2027_MB1243,BQ2027_MB1243,0,1355518,1355745,1,0,0,228,0,conserved protein
BQ2027_MB1261C,mrp,0,1373049,1374221,-1,0,0,1173,0,PROBABLE MRP-RELATED PROTEIN MRP
BQ2027_MB1272,mdh,0,1384485,1385474,1,2,0.00112233445566779,990,1,PROBABLE MALATE DEHYDROGENASE MDH
BQ2027_MB1273,vapb33,0,1385550,1385810,1,0,0,261,0,possible antitoxin vapb33
BQ2027_MB1293C,BQ2027_MB1293C,0,1408202,1408636,-1,0,0,435,0,HYPOTHETICAL HIT-LIKE PROTEIN
BQ2027_MB1317,cysN,0,1441462,1443306,1,2,0.000602046959662854,1845,1,PROBABLE BIFUNCTIONAL ENZYME CYSN/CYSC: SULFATE ADENYLTRANSFERASE (SUBUNIT 1) + ADENYLYLSULFATE KINASE
BQ2027_MB1324,argS,0,1448837,1450489,1,3,0.00134408602150538,1653,2,PROBABLE ARGINYL-TRNA SYNTHETASE ARGS (ARGRS) (Arginine--tRNA ligase)
BQ2027_MB1325,lysA,0,1450486,1451829,1,6,0.000826446280991736,1344,1,diaminopimelate decarboxylase lysa (dap decarboxylase)
BQ2027_MB1326,thrA,0,1451833,1453158,1,0,0,1326,0,PROBABLE HOMOSERINE DEHYDROGENASE THRA
BQ2027_MB1327,thrC,0,1453155,1454237,1,0,0,1083,0,threonine synthase thrc (ts)
BQ2027_MB1328,thrB,0,1454455,1455405,1,1,0.00116822429906542,951,1,PROBABLE HOMOSERINE KINASE THRB
BQ2027_MB1331,prfA,0,1457953,1459026,1,0,0,1074,0,PROBABLE PEPTIDE CHAIN RELEASE FACTOR 1 PRFA (RF-1)
BQ2027_MB1335,BQ2027_MB1335,0,1462224,1462709,1,0,0,486,0,ATP synthase protein I
BQ2027_MB1336,atpB,0,1462702,1463454,1,1,0.00147492625368732,753,1,PROBABLE ATP SYNTHASE A CHAIN ATPB (PROTEIN 6)
BQ2027_MB1338,atpF,0,1463779,1464294,1,0,0,516,0,PROBABLE ATP SYNTHASE B CHAIN ATPF
BQ2027_MB1339,atpH,0,1464301,1465641,1,0,0,1341,0,PROBABLE ATP SYNTHASE DELTA CHAIN ATPH
BQ2027_MB1340,atpA,0,1465686,1467335,1,0,0,1650,0,PROBABLE ATP SYNTHASE ALPHA CHAIN ATPA
BQ2027_MB1341,atpG,0,1467342,1468259,1,0,0,918,0,PROBABLE ATP SYNTHASE GAMMA CHAIN ATPG
BQ2027_MB1343,atpC,0,1469773,1470138,1,0,0,366,0,PROBABLE ATP SYNTHASE EPSILON CHAIN ATPC
BQ2027_MB1359,BQ2027_MB1359,0,1489605,1490519,1,10,0.00121359223300971,915,1,POSSIBLE THIOREDOXIN
BQ2027_MB1361C,glgB,0,1492561,1494756,-1,0,0,2196,0,1,4-alpha-glucan branching enzyme glgb (glycogen branching enzyme)
BQ2027_MB1362C,glgE,0,1494764,1496869,-1,2,0.00105485232067511,2106,2,PROBABLE GLUCANASE GLGE
BQ2027_MB1378C,lprD,0,1510987,1511367,-1,0,0,381,0,PROBABLE CONSERVED LIPOPROTEIN LPRD
BQ2027_MB1387,BQ2027_MB1387,0,1521207,1521578,1,0,0,372,0,conserved protein
BQ2027_MB1415,pyrB,0,1554320,1555279,1,0,0,960,0,PROBABLE ASPARTATE CARBAMOYLTRANSFERASE PYRB (ATCase) (Aspartate transcarbamylase)
BQ2027_MB1416,pyrC,0,1555276,1556568,1,1,0.000859106529209622,1293,1,PROBABLE DIHYDROOROTASE PYRC (DHOase)
BQ2027_MB1417,BQ2027_MB1417,0,1556565,1557062,1,0,0,498,0,PROBABLE EXPORT OR MEMBRANE PROTEIN
BQ2027_MB1418,carA,0,1557059,1558189,1,1,0.000982318271119843,1131,1,PROBABLE CARBAMOYL-PHOSPHATE SYNTHASE SMALL CHAIN CARA (Carbamoyl-phosphate synthetase glutamine chain)
BQ2027_MB1419,carB,0,1558189,1561536,1,3,0.00099535500995355,3348,3,PROBABLE CARBAMOYL-PHOSPHATE SYNTHASE LARGE CHAIN CARB (Carbamoyl-phosphate synthetase ammonia chain)
BQ2027_MB1420,pyrF,0,1561533,1562357,1,2,0.00134589502018843,825,1,PROBABLE OROTIDINE 5'-PHOSPHATE DECARBOXYLASE PYRF (OMP decarboxylase) (OMPdecase)
BQ2027_MB1424,gmk,0,1565489,1566115,1,0,0,627,0,PROBABLE GUANYLATE KINASE GMK
BQ2027_MB1426,dfp,0,1566529,1567785,1,0,0,1257,0,PROBABLE DNA/PANTOTHENATE METABOLISM FLAVOPROTEIN HOMOLOG DFP
BQ2027_MB1427,metK,0,1567913,1569124,1,0,0,1212,0,PROBABLE S-ADENOSYLMETHIONINE SYNTHETASE METK (MAT) (AdoMet synthetase) (Methionine adenosyltransferase)
BQ2027_MB1450,ribA2,0,1591113,1592390,1,31,0.00173761946133797,1278,2,PROBABLE RIBOFLAVIN BIOSYNTHESIS PROTEIN RIBA2 : GTP cyclohydrolase II + 3,4-dihydroxy-2-butanone 4-phosphate synthase (DHBP synthase)
BQ2027_MB1451,ribH,0,1592405,1592869,1,0,0,465,0,PROBABLE RIBOFLAVIN SYNTHASE BETA CHAIN RIBH (6,7-dimethyl-8-ribityllumazine synthase) (DMRL synthase) (Lumazine synthase)
BQ2027_MB1458,whiA,0,1598622,1599599,1,0,0,978,0,PROBABLE TRANSCRIPTIONAL REGULATORY PROTEIN WHIA
BQ2027_MB1472,pgk,0,1615066,1616304,1,0,0,1239,0,PROBABLE PHOSPHOGLYCERATE KINASE PGK
BQ2027_MB1473,tpi,0,1616301,1617086,1,0,0,786,0,PROBABLE TRIOSEPHOSPHATE ISOMERASE TPI (TIM)
BQ2027_MB1484C,tkt,0,1628853,1630955,-1,1,0.000528262017960909,2103,1,transketolase tkt (tk)
BQ2027_MB1491C,BQ2027_MB1491C,0,1642648,1643580,-1,0,0,933,0,PROBABLE UNIDENTIFIED ANTIBIOTIC-TRANSPORT INTEGRAL MEMBRANE ABC TRANSPORTER
BQ2027_MB1492C,BQ2027_MB1492C,0,1643692,1644477,-1,0,0,786,0,PROBABLE UNIDENTIFIED ANTIBIOTIC-TRANSPORT INTEGRAL MEMBRANE ABC TRANSPORTER
BQ2027_MB1496,BQ2027_MB1496,0,1648144,1650684,1,1,0.000437254044599913,2541,1,Iron-sulfur cluster assembly protein SufB
BQ2027_MB1497,BQ2027_MB1497,0,1650681,1651874,1,1,0.000930232558139535,1194,1,Iron-sulfur cluster assembly protein SufD
BQ2027_MB1499,csd,0,1652673,1653926,1,3,0.00177147918511957,1254,2,PROBABLE CYSTEINE DESULFURASE CSD
BQ2027_MB1500,BQ2027_MB1500,0,1653923,1654411,1,0,0,489,0,POSSIBLE NITROGEN FIXATION RELATED PROTEIN
BQ2027_MB1501,BQ2027_MB1501,0,1654386,1654733,1,0,0,348,0,PaaD-like protein (DUF59) involved in Fe-S cluster assembly
BQ2027_MB1511C,acn,0,1664370,1667201,-1,1,0.000392310710082385,2832,1,probable iron-regulated aconitate hydratase acn (citrate hydro-lyase) (aconitase)
BQ2027_MB1512,BQ2027_MB1512,0,1667359,1667919,1,0,0,561,0,POSSIBLE MEMBRANE PROTEIN
BQ2027_MB1515,moxR1,0,1670438,1671571,1,1,0.000979431929480901,1134,1,PROBABLE TRANSCRIPTIONAL REGULATORY PROTEIN MOXR1
BQ2027_MB1516,BQ2027_MB1516,0,1671568,1672521,1,1,0.00116414435389988,954,1,conserved protein
BQ2027_MB1517,BQ2027_MB1517,0,1672532,1673539,1,1,0.00110132158590308,1008,1,PROBABLE MEMBRANE PROTEIN
BQ2027_MB1520,inhA,0,1675357,1676166,1,0,0,810,0,NADH-DEPENDENT ENOYL-[ACYL-CARRIER-PROTEIN] REDUCTASE INHA (NADH-DEPENDENT ENOYL-ACP REDUCTASE)
BQ2027_MB1521,hemZ,0,1676172,1677206,1,0,0,1035,0,FERROCHELATASE HEMZ (PROTOHEME FERRO-LYASE) (HEME SYNTHETASE)
BQ2027_MB1563,ileS,0,1724941,1728066,1,2,0.000710732054015636,3126,2,isoleucyl-tRNA synthetase ileS
BQ2027_MB1574,dnaE1,0,1736116,1739670,1,40,0.0015625,3555,5,probable dna polymerase iii (alpha chain) dnae1 (dna nucleotidyltransferase)
BQ2027_MB1592C,BQ2027_MB1592C,0,1761415,1763604,-1,45,0.00101471334348047,2190,2,O-antigen acetylase
BQ2027_MB1597,bioD,0,1767634,1768314,1,0,0,681,0,dethiobiotin synthetase biod
BQ2027_MB1598A,BQ2027_MB1598A,0,1768969,1769073,-1,0,0,105,0,CONSERVED HYPOTHETICAL PROTEIN
BQ2027_MB1599,BQ2027_MB1599,0,1769089,1769499,1,0,0,411,0,Probable phiRV1 phage protein
BQ2027_MB1600,BQ2027_MB1600,0,1769705,1770016,1,0,0,312,0,Probable phiRV1 phage related protein
BQ2027_MB1602C,BQ2027_MB1602C,0,1770418,1771839,-1,1,0.00078125,1422,1,Probable phiRV1 phage protein
BQ2027_MB1603C,BQ2027_MB1603C,0,1771847,1772359,-1,0,0,513,0,Probable phiRv1 phage protein
BQ2027_MB1604C,BQ2027_MB1604C,0,1772533,1773003,-1,0,0,471,0,Probable phiRv1 phage protein
BQ2027_MB1620,nadA,0,1784531,1785580,1,0,0,1050,0,Probable quinolinate synthetase nadA
BQ2027_MB1621,nadB,0,1785580,1787163,1,1,0.000701262272089762,1584,1,Probable L-aspartate oxidase nadB
BQ2027_MB1625,hisD,0,1789358,1790674,1,1,0.000843170320404722,1317,1,Probable histidinol dehydrogenase HisD (HDH)
BQ2027_MB1626,hisC1,0,1790671,1791813,1,0,0,1143,0,Probable histidinol-phosphate aminotransferase hisC1
BQ2027_MB1627,hisB,0,1791810,1792442,1,0,0,633,0,Probable imidazole glycerol-phosphate dehydratase hisB
BQ2027_MB1628,hisH,0,1792439,1793059,1,0,0,621,0,Probable amidotransferase hisH
BQ2027_MB1629,hisA,0,1793069,1793806,1,0,0,738,0,PROBABLE PHOSPHORIBOSYLFORMIMINO-5-AMINOIMIDAZOLE CARBOXAMIDE RIBOTIDE ISOMERASE HISA
BQ2027_MB1631,hisF,0,1794628,1795431,1,0,0,804,0,Probable cyclase hisF
BQ2027_MB1632,hisI,0,1795428,1795775,1,0,0,348,0,Probable phosphoribosyl-AMP 1,6 cyclohydrolase hisI
BQ2027_MB1637,trpC,0,1800015,1800833,1,1,0.0013550135501355,819,1,Probable indole-3-glycerol phosphate synthase trpC
BQ2027_MB1638,trpB,0,1800902,1802134,1,0,0,1233,0,tryptophan synthase, beta subunit trpb
BQ2027_MB1639,trpA,0,1802134,1802946,1,1,0.00136612021857923,813,1,Probable tryptophan synthase, alpha subunit trpA
BQ2027_MB1656,rpsA,0,1823317,1824762,1,0,0,1446,0,30s ribosomal protein s1 rpsa
BQ2027_MB1657,coaE,0,1824788,1826011,1,2,0.000907441016333938,1224,1,Probable dephospho-CoA kinase coaE (dephosphocoenzyme A kinase)
BQ2027_MB1668,infC,0,1842047,1842652,1,0,0,606,0,PROBABLE INITIATION FACTOR IF-3 INFC
BQ2027_MB1676,pheS,0,1848507,1849532,1,0,0,1026,0,probable phenylalanyl-trna synthetase, alpha chain phes
BQ2027_MB1677,pheT,0,1849532,1852027,1,0,0,2496,0,probable phenylalanyl-trna synthetase, beta chain phet
BQ2027_MB1680,argC,0,1855371,1856429,1,0,0,1059,0,probable n-acetyl-gamma-glutamyl-phoshate reductase argc
BQ2027_MB1681,argJ,0,1856426,1857640,1,0,0,1215,0,Probable Glutamate n-acetyltransferase argJ
BQ2027_MB1682,argB,0,1857637,1858521,1,0,0,885,0,Probable Acetylglutamate kinase argB
BQ2027_MB1684,argF,0,1859717,1860640,1,0,0,924,0,Probable Ornithine carbamoyltransferase, anabolic ArgF
BQ2027_MB1686,argG,0,1861158,1862354,1,1,0.000927643784786642,1197,1,Probable Argininosuccinate synthase argG
BQ2027_MB1687,argH,0,1862434,1863846,1,0,0,1413,0,Probable Argininosuccinate lyase argH
BQ2027_MB1710,BQ2027_MB1710,0,1897343,1900342,1,14,0.00148148148148148,3000,4,possible bifunctional enzyme; long-chain acyl-coa synthase and lipase.
BQ2027_MB1710A,BQ2027_MB1710A,0,1900335,1900559,1,0,0,225,0,FIG002473: Protein YcaR in KDO2-Lipid A biosynthesis cluster
BQ2027_MB1715,tyrS,0,1903351,1904625,1,7,0.00174216027874564,1275,2,Probable Tyrosyl-tRNA synthase tyrS (TYRRS)
BQ2027_MB1716,lprJ,0,1905242,1905661,1,0,0,420,0,PROBABLE LIPOPROTEIN LPRJ
BQ2027_MB1721,ppnK,0,1908497,1909420,1,0,0,924,0,inorganic polyphosphate/atp-nad kinase ppnk (poly(p)/atp nad kinase)
BQ2027_MB1723,BQ2027_MB1723,0,1911293,1912474,1,0,0,1182,0,FIG005773: conserved membrane protein ML1361
BQ2027_MB1725,pyrG,0,1913580,1915340,1,1,0.000630914826498423,1761,1,probable ctp synthase pyrg
BQ2027_MB1733C,BQ2027_MB1733C,0,1924232,1924399,-1,0,0,168,0,Permeases of the major facilitator superfamily
BQ2027_MB1735,BQ2027_MB1735,0,1926110,1927066,1,1,0.00116009280742459,957,1,PUTATIVE INITIATION INHIBITOR PROTEIN
BQ2027_MB1738,BQ2027_MB1738,0,1928588,1929352,1,3,0.00145137880986938,765,1,LSU rRNA pseudouridine(2605) synthase (EC
BQ2027_MB1739,cmk,0,1929349,1930041,1,3,0.0016025641025641,693,1,cytidylate kinase cmk (cmp kinase) (cytidine monophosphate kinase) (ck)
BQ2027_MB1740,engA,0,1930038,1931429,1,0,0,1392,0,PROBABLE GTP-BINDING PROTEIN ENGA
BQ2027_MB1741,BQ2027_MB1741,0,1931603,1932415,1,0,0,813,0,Probable oxidoreductase
BQ2027_MB1763C,BQ2027_MB1763C,0,1950580,1950822,-1,0,0,243,0,Pyruvate/2-oxoglutarate dehydrogenase complex, dihydrolipoamide acyltransferase (E2) component, and related enzymes
BQ2027_MB1811,eccb5,0,2012607,2014127,1,0,0,1521,0,esx conserved component eccb5. esx-5 type vii secretion system protein. probable membrane protein.
BQ2027_MB1812,eccc5,0,2014124,2018299,1,1,0.000266028198989093,4176,1,esx conserved component eccc5. esx-5 type vii secretion system protein.
BQ2027_MB1823,eccd5,0,2027104,2028615,1,31,0.0014695077149155,1512,2,esx conserved component eccd5. esx-5 type vii secretion system protein. probable membrane protein.
BQ2027_MB1824,mycp5,0,2028593,2030350,1,2,0.000631711939355654,1758,1,probable proline rich membrane-anchored mycosin mycp5 (serine protease) (subtilisin-like protease) (subtilase-like) (mycosin-5)
BQ2027_MB1825,ecce5,0,2030347,2031567,1,0,0,1221,0,esx conserved component ecce5. esx-5 type vii secretion system protein. probable membrane protein.
BQ2027_MB1834C,BQ2027_MB1834C,0,2042551,2042898,-1,0,0,348,0,HYPOTHETICAL PROTEIN
BQ2027_MB1847,BQ2027_MB1847,0,2054305,2054385,1,0,0,81,0,CONSERVED HYPOTHETICAL PROTEIN
BQ2027_MB1868C,glcB,0,2079517,2081742,-1,0,0,2226,0,malate synthase g glcb
BQ2027_MB1870C,vapb13,0,2082410,2082673,-1,0,0,264,0,possible antitoxin vapb13
BQ2027_MB1885C,ndh,0,2096270,2097661,-1,1,0.000798084596967279,1392,1,PROBABLE NADH DEHYDROGENASE NDH
BQ2027_MB2012C,BQ2027_MB2012C,0,2216622,2216963,-1,0,0,342,0,PROBABLE TRANSCRIPTIONAL REGULATORY PROTEIN
BQ2027_MB2036,BQ2027_MB2036,0,2243850,2244470,1,4,0.00178890876565295,621,1,transposase
BQ2027_MB2040,BQ2027_MB2040,0,2247324,2248364,1,0,0,1041,0,transcriptional regulatory protein
BQ2027_MB2060,BQ2027_MB2060,0,2269618,2269941,1,0,0,324,0,arsr repressor protein
BQ2027_MB2076,rbpA,0,2296145,2296480,1,0,0,336,0,RNAP Holo/RbpA/Fidaxomicin/upstream fork DNA
BQ2027_MB2086,BQ2027_MB2086,0,2304603,2305004,1,0,0,402,0,Possible conserved integral membrane protein
BQ2027_MB2120C,tatC,0,2338357,2339283,-1,0,0,927,0,sec-independent protein translocase transmembrane protein tatc
BQ2027_MB2121C,tatA,0,2339300,2339551,-1,0,0,252,0,sec-independent protein translocase membrane-bound protein tata
BQ2027_MB2130C,vapb37,0,2350779,2351033,-1,0,0,255,0,possible antitoxin vapb37
BQ2027_MB2133C,prcA,0,2353876,2354622,-1,0,0,747,0,proteasome alpha subunit prca; assembles with beta subunit prcb.
BQ2027_MB2134C,prcB,0,2354619,2355494,-1,1,0.00126742712294043,876,1,proteasome beta subunit prcb; assembles with alpha subunit prca.
BQ2027_MB2135C,pup,0,2355491,2355685,-1,0,0,195,0,prokaryotic ubiquitin-like protein pup
BQ2027_MB2141,BQ2027_MB2141,0,2361984,2362277,1,0,0,294,0,YlxP-like protein
BQ2027_MB2145C,hisG,0,2364642,2365496,-1,2,0.0012987012987013,855,1,atp phosphoribosyltransferase hisg
BQ2027_MB2146C,hisE,0,2365499,2365780,-1,0,0,282,0,phosphoribosyl-amp pyrophosphatase hise
BQ2027_MB2154C,mshc,0,2376024,2377268,-1,0,0,1245,0,cysteine:1d-myo-inosityl 2-amino-2-deoxy--d-glucopyranoside ligase mshc
BQ2027_MB2159C,BQ2027_MB2159C,0,2380110,2380820,-1,0,0,711,0,Phosphoglycerate mutase family protein
BQ2027_MB2169C,wag31,0,2389541,2390323,-1,1,0.00141843971631206,783,1,diviva family protein wag31
BQ2027_MB2170C,BQ2027_MB2170C,0,2390591,2390881,-1,0,0,291,0,Possible conserved transmembrane protein
BQ2027_MB2171C,sepF,0,2391043,2391768,-1,1,0.00152905198776758,726,1,SepF, FtsZ-interacting protein related to cell division
BQ2027_MB2174C,ftsZ,0,2393310,2394449,-1,0,0,1140,0,cell division protein FtsZ
BQ2027_MB2175C,ftsQ,0,2394622,2395566,-1,0,0,945,0,POSSIBLE CELL DIVISION PROTEIN FTSQ
BQ2027_MB2176C,murC,0,2395563,2397047,-1,1,0.00074794315632012,1485,1,probable udp-n-acetylmuramate-alanine ligase murc
BQ2027_MB2177C,murG,0,2397044,2398276,-1,0,0,1233,0,probable upd-n-acetylglucosamine-n-acetylmuramyl-(pentapeptide) pyrophosphoryl-undecaprenol-n-acetylglucosamine transferase murg
BQ2027_MB2179C,murD,0,2399859,2401319,-1,1,0.000760456273764259,1461,1,probable udp-n-acetylmuramoylalanine-d-glutamate ligase murd
BQ2027_MB2180C,murX,0,2401321,2402400,-1,0,0,1080,0,probable phospho-n-acetylmuramoyl-pentappeptidetransferase murx
BQ2027_MB2181C,murF,0,2402397,2403929,-1,1,0.00072463768115942,1533,1,probable udp-n-acetylmuramoylalanyl-d-glutamyl-2, 6-diaminopimelate-d-alanyl-d-alanyl ligase murf
BQ2027_MB2182C,murE,0,2403926,2405533,-1,2,0.00138121546961326,1608,2,Probable UDP-N-acetylmuramoylalanyl-D-glutamate-2,6-diaminopimelate ligase MurE
BQ2027_MB2187C,pbpB,0,2409851,2411890,-1,1,0.000544662309368192,2040,1,Probable penicillin-binding membrane protein pbpB
BQ2027_MB2188C,BQ2027_MB2188C,0,2411887,2413041,-1,0,0,1155,0,PROBABLE CONSERVED PROLINE RICH MEMBRANE PROTEIN
BQ2027_MB2191C,BQ2027_MB2191C,0,2415010,2415414,-1,0,0,405,0,PROBABLE CONSERVED TRANSMEMBRANE PROTEIN
BQ2027_MB2194C,BQ2027_MB2194C,0,2417076,2417981,-1,0,0,906,0,conserved protein
BQ2027_MB2196,mpta,0,2419354,2420904,1,1,0.000716332378223496,1551,1,alpha(1->6)mannosyltransferase. possible conserved integral membrane protein.
BQ2027_MB2200C,aroG,0,2423777,2425165,-1,0,0,1389,0,3-deoxy-d-arabino-heptulosonate 7-phosphate synthase arog (dahp synthetase, phenylalanine-repressible)
BQ2027_MB2204C,BQ2027_MB2204C,0,2428031,2428774,-1,0,0,744,0,1-acylglycerol-3-phosphate O-acyltransferase
BQ2027_MB2211C,pimb,0,2433437,2434594,-1,1,0.000958772770853308,1158,1,mannosyltransferase pimb
BQ2027_MB2215C,trpD,0,2439075,2440187,-1,1,0.000998003992015968,1113,1,Probable anthranilate phosphoribosyltransferase TrpD
BQ2027_MB2216,ctaE,0,2440345,2440956,1,0,0,612,0,PROBABLE CYTOCHROME C OXIDASE (SUBUNIT III) CTAE
BQ2027_MB2217,qcrC,0,2440997,2441839,1,0,0,843,0,Probable Ubiquinol-cytochrome C reductase QcrC (cytochrome C subunit)
BQ2027_MB2218,qcrA,0,2441836,2443125,1,0,0,1290,0,Probable Rieske iron-sulfur protein QcrA
BQ2027_MB2219,qcrB,0,2443122,2444771,1,0,0,1650,0,Probable Ubiquinol-cytochrome C reductase QcrB (cytochrome B subunit)
BQ2027_MB2221C,mmpS3,0,2445706,2446605,-1,1,0.00123456790123457,900,1,PROBABLE CONSERVED MEMBRANE PROTEIN MMPS3
BQ2027_MB2223C,ctaC,0,2447218,2448309,-1,0,0,1092,0,PROBABLE TRANSMEMBRANE CYTOCHROME C OXIDASE (SUBUNIT II) CTAC
BQ2027_MB2224,asnB,0,2448555,2450513,1,0,0,1959,0,Probable asparagine synthetase AsnB
BQ2027_MB2233C,ilvE,0,2458422,2459528,-1,0,0,1107,0,branched-chain amino acid transaminase ilve
LT708304_-1_2484003_2484309,rnpB,0,2484003,2484309,-1,0,0,307,0,
BQ2027_MB2259,BQ2027_MB2259,0,2491196,2492011,1,0,0,816,0,PROBABLE CONSERVED TRANSMEMBRANE PROTEIN
BQ2027_MB2266,BQ2027_MB2266,0,2498863,2500107,1,1,0.000892060660124889,1245,1,Transcriptional regulator, CdaR-family
BQ2027_MB2269,kasA,0,2501674,2502924,1,2,0.00177619893428064,1251,2,3-OXOACYL-[ACYL-CARRIER PROTEIN] SYNTHASE 1 KASA (BETA-KETOACYL-ACP SYNTHASE) (KAS I)
BQ2027_MB2270,kasB,0,2502955,2504271,1,0,0,1317,0,3-OXOACYL-[ACYL-CARRIER PROTEIN] SYNTHASE 2 KASB (BETA-KETOACYL-ACP SYNTHASE) (KAS I)
BQ2027_MB2271,accD6,0,2504302,2505723,1,2,0.0015625,1422,2,ACETYL/PROPIONYL-CoA CARBOXYLASE (BETA SUBUNIT) ACCD6
BQ2027_MB2280C,BQ2027_MB2280C,0,2512814,2513347,-1,0,0,534,0,CONSERVED HYPOTHETICAL PROTEIN
BQ2027_MB2326C,BQ2027_MB2326C,0,2557022,2557231,-1,0,0,210,0,HYPOTHETICAL PROTEIN
BQ2027_MB2372C,dnaG,0,2602541,2604460,-1,4,0.00173611111111111,1920,3,PROBABLE DNA PRIMASE DNAG
BQ2027_MB2378C,glyS,0,2612155,2613546,-1,1,0.000798084596967279,1392,1,PROBABLE GLYCYL-tRNA SYNTHETASE GLYS (GLYCINE--tRNA LIGASE) (GLYRS)
BQ2027_MB2382C,BQ2027_MB2382C,0,2615060,2615950,-1,1,0.00124688279301746,891,1,LONG (C50) CHAIN Z-ISOPRENYL DIPHOSPHATE SYNTHASE (Z-DECAPRENYL DIPHOSPHATE SYNTHASE)
BQ2027_MB2394C,dnaJ2,0,2625321,2626469,-1,0,0,1149,0,PROBABLE CHAPERONE PROTEIN DNAJ2
BQ2027_MB2403C,mbtC,0,2642751,2644085,-1,0,0,1335,0,POLYKETIDE SYNTHETASE MBTC (POLYKETIDE SYNTHASE)
BQ2027_MB2412,sira,0,2657161,2658852,1,2,0.00131319763624425,1692,2,ferredoxin-dependent sulfite reductase sira
BQ2027_MB2414,che1,0,2659610,2660455,1,1,0.00131233595800525,846,1,ferrochelatase che1
BQ2027_MB2417A,aprA,0,2664707,2664922,1,0,0,216,0,Acid and phagosome regulated protein A AprA
BQ2027_MB2419C,cysA1,0,2666389,2667444,-1,0,0,1056,0,sulfate-transport atp-binding protein abc transporter cysa1
BQ2027_MB2420C,cysW,0,2667461,2668279,-1,0,0,819,0,PROBABLE SULFATE-TRANSPORT INTEGRAL MEMBRANE PROTEIN ABC TRANSPORTER CYSW
BQ2027_MB2421C,cysT,0,2668276,2669127,-1,0,0,852,0,PROBABLE SULFATE-TRANSPORT INTEGRAL MEMBRANE PROTEIN ABC TRANSPORTER CYST
BQ2027_MB2424C,BQ2027_MB2424C,0,2670522,2670725,-1,0,0,204,0,POSSIBLE CONSERVED MEMBRANE PROTEIN
BQ2027_MB2436C,BQ2027_MB2436C,0,2682946,2683896,-1,0,0,951,0,DNA polymerase III delta subunit (EC
BQ2027_MB2444C,nadD,0,2690769,2691404,-1,1,0.00174520069808028,636,1,PROBABLE NICOTINATE-NUCLEOTIDE ADENYLYLTRANSFERASE NADD (DEAMIDO-NAD(+) PYROPHOSPHORYLASE) (DEAMIDO-NAD(+) DIPHOSPHORYLASE) (NICOTINATE MONONUCLEOTIDE ADENYLYLTRANSFERASE) (NAMN ADENYLYLTRANSFERASE)
BQ2027_MB2448C,BQ2027_MB2448C,0,2694078,2694371,-1,0,0,294,0,PROBABLE TRANSPOSASE [FIRST PART]
BQ2027_MB2453C,BQ2027_MB2453C,0,2698440,2698634,-1,0,0,195,0,
BQ2027_MB2464C,nadE,0,2707366,2709405,-1,1,0.000544662309368192,2040,1,GLUTAMINE-DEPENDENT NAD(+) SYNTHETASE NADE (NAD(+) SYNTHASE [GLUTAMINE-HYDROLYSING])
BQ2027_MB2465,BQ2027_MB2465,0,2709283,2709561,1,0,0,279,0,CONSERVED HYPOTHETICAL PROTEIN
BQ2027_MB2466C,proB,0,2709691,2710821,-1,0,0,1131,0,PROBABLE GLUTAMATE 5-KINASE PROTEIN PROB (GAMMA-GLUTAMYL KINASE) (GK)
BQ2027_MB2467C,obg,0,2710821,2712260,-1,0,0,1440,0,PROBABLE GTP1/OBG-FAMILY GTP-BINDING PROTEIN OBG
BQ2027_MB2469C,rplU,0,2712621,2712935,-1,0,0,315,0,50s ribosomal protein l21 rplu
BQ2027_MB2471C,rne,0,2714697,2717558,-1,12,0.00077639751552795,2862,2,POSSIBLE RIBONUCLEASE E RNE
BQ2027_MB2475C,valS,0,2720169,2722799,-1,4,0.00168918918918919,2631,4,PROBABLE VALYL-tRNA SYNTHASE PROTEIN VALS (VALYL-tRNA SYNTHETASE) (VALINE--tRNA LIGASE) (VALINE TRANSLASE)
BQ2027_MB2484C,clpX,0,2730782,2732062,-1,0,0,1281,0,PROBABLE ATP-DEPENDENT CLP PROTEASE ATP-BINDING SUBUNIT CLPX
BQ2027_MB2487C,clpP2,0,2735105,2735749,-1,0,0,645,0,PROBABLE ATP-DEPENDENT CLP PROTEASE PROTEOLYTIC SUBUNIT 2 CLPP2 (ENDOPEPTIDASE CLP 2)
BQ2027_MB2488C,clpP1,0,2735746,2736348,-1,0,0,603,0,PROBABLE ATP-DEPENDENT CLP PROTEASE PROTEOLYTIC SUBUNIT 1 CLPP1 (ENDOPEPTIDASE CLP)
BQ2027_MB2492C,rpib,0,2740245,2740733,-1,0,0,489,0,ribose-5-phosphate isomerase
BQ2027_MB2504C,BQ2027_MB2504C,0,2754937,2756613,-1,0,0,1677,0,PROBABLE MACROLIDE-TRANSPORT ATP-BINDING PROTEIN ABC TRANSPORTER
BQ2027_MB2527C,BQ2027_MB2527C,0,2784381,2784938,-1,0,0,558,0,POSSIBLE OXIDASE REGULATORY-RELATED PROTEIN
BQ2027_MB2531C,scoB,0,2789679,2790335,-1,0,0,657,0,PROBABLE SUCCINYL-COA:3-KETOACID-COENZYME A TRANSFERASE (BETA SUBUNIT) SCOB (3-OXO-ACID:COA TRANSFERASE) (OXCT B) (SUCCINYL CoA:3-OXOACID CoA-TRANSFERASE)
BQ2027_MB2545C,BQ2027_MB2545C,0,2803918,2804721,-1,0,0,804,0,HYPOTHETICAL PROTEIN
BQ2027_MB2552C,acpS,0,2810746,2811138,-1,0,0,393,0,HOLO-[ACYL-CARRIER PROTEIN] SYNTHASE ACPS (HOLO-ACP SYNTHASE) (CoA:APO-[ACP]PANTETHEINEPHOSPHOTRANSFERASE) (CoA:APO-[ACYL-CARRIER PROTEIN]PANTETHEINEPHOSPHOTRANSFERASE)
BQ2027_MB2553C,fas,0,2811331,2820540,-1,9,0.000844492701170226,9210,7,PROBABLE FATTY ACID SYNTHASE FAS (FATTY ACID SYNTHETASE)
BQ2027_MB2562C,nusB,0,2829462,2829932,-1,0,0,471,0,N UTILIZATION SUBSTANCE PROTEIN NUSB (NUSB PROTEIN)
BQ2027_MB2567C,aroB,0,2832796,2833884,-1,0,0,1089,0,3-DEHYDROQUINATE SYNTHASE AROB
BQ2027_MB2568C,aroK,0,2833881,2834411,-1,0,0,531,0,shikimate kinase arok (sk)
BQ2027_MB2569C,aroF,0,2834415,2835620,-1,1,0.000920810313075506,1206,1,PROBABLE CHORISMATE SYNTHASE AROF (5-ENOLPYRUVYLSHIKIMATE-3-PHOSPHATE PHOSPHOLYASE)
BQ2027_MB2578A,BQ2027_MB2578A,0,2841117,2841491,-1,0,0,375,0,Conserved protein
BQ2027_MB2582C,aroE,0,2843070,2843852,-1,0,0,783,0,PROBABLE SHIKIMATE 5-DEHYDROGENASE AROE (5-DEHYDROSHIKIMATE REDUCTASE)
BQ2027_MB2584C,BQ2027_MB2584C,0,2845121,2845633,-1,0,0,513,0,Putative pre-16S rRNA nuclease YqgF
BQ2027_MB2585C,alaS,0,2845634,2848348,-1,1,0.000409165302782324,2715,1,PROBABLE ALANYL-TRNA SYNTHETASE ALAS (ALANINE--TRNA LIGASE) (ALANINE TRANSLASE) (ALARS)
BQ2027_MB2602C,aspS,0,2867827,2869662,-1,0,0,1836,0,probable aspartyl-trna synthetase asps (aspartate--trna ligase) (asprs) (aspartic acid translase)
BQ2027_MB2611C,hisS,0,2876680,2877951,-1,1,0.000873362445414847,1272,1,probable histidyl-trna synthetase hiss (histidine--trna ligase) (hisrs) (histidine--translase)
BQ2027_MB2612C,BQ2027_MB2612C,0,2877948,2878622,-1,2,0.00164473684210526,675,1,POSSIBLE GLYOXALASE II (HYDROXYACYLGLUTATHIONE HYDROLASE) (GLX II)
BQ2027_MB2613,ppiB,0,2878673,2879599,1,0,0,927,0,PROBABLE PEPTIDYL-PROLYL CIS-TRANS ISOMERASE B PPIB (CYCLOPHILIN) (PPIASE) (ROTAMASE) (PEPTIDYLPROLYL ISOMERASE)
BQ2027_MB2618C,secD,0,2885874,2887595,-1,0,0,1722,0,probable protein-export membrane protein secd
BQ2027_MB2642C,pimA,0,2909733,2910869,-1,1,0.0009765625,1137,1,ALPHA-MANNOSYLTRANSFERASE PIMA
BQ2027_MB2643C,BQ2027_MB2643C,0,2910880,2911830,-1,0,0,951,0,probable acyltransferase
BQ2027_MB2644C,pgsA1,0,2911827,2912480,-1,0,0,654,0,pi synthase pgsa1 (phosphatidylinositol synthase) (cdp-diacylglycerol--inositol-3-phosphatidyltransferase)
BQ2027_MB2646C,thrS,0,2913057,2915135,-1,0,0,2079,0,PROBABLE THREONYL-TRNA SYNTHETASE THRS (THREONINE-TRNA SYNTHETASE)(ThrRS) (THREONINE-TRNA LIGASE)
BQ2027_MB2652C,BQ2027_MB2652C,0,2918973,2919326,-1,0,0,354,0,Protein containing double-stranded beta-helix domain
BQ2027_MB2695C,BQ2027_MB2695C,0,2952879,2953574,-1,0,0,696,0,Coproheme decarboxylase HemQ (no EC)
BQ2027_MB2696C,hemY,0,2953580,2954938,-1,1,0.000816993464052288,1359,1,PROBABLE PROTOPORPHYRINOGEN OXIDASE HEMY (PROTOPORPHYRINOGEN-IX OXIDASE) (PROTOPORPHYRINOGENASE) (PPO)
BQ2027_MB2697C,hemE,0,2954935,2956008,-1,1,0.00103412616339193,1074,1,probable uroporphyrinogen decarboxylase heme (uroporphyrinogen iii decarboxylase) (uro-d) (upd)
BQ2027_MB2701C,dxs1,0,2959100,2961016,-1,2,0.00115874855156431,1917,2,PROBABLE 1-DEOXY-D-XYLULOSE 5-PHOSPHATE SYNTHASE DXS1 (1-DEOXYXYLULOSE-5-PHOSPHATE SYNTHASE) (DXP SYNTHASE) (DXPS)
BQ2027_MB2716C,dut,0,2974731,2975195,-1,0,0,465,0,probable deoxyuridine 5'-triphosphate nucleotidohydrolase dut (dutpase) (dutp pyrophosphatase) (deoxyuridine 5'-triphosphatase) (dutp diphosphatase) (deoxyuridine-triphosphatase)
BQ2027_MB2722,sigA,0,2978883,2980469,1,5,0.00139958012596221,1587,2,RNA POLYMERASE SIGMA FACTOR SIGA (SIGMA-A)
BQ2027_MB2730,ideR,0,2984613,2985305,1,10,0.0016025641025641,693,1,IRON-DEPENDENT REPRESSOR AND ACTIVATOR IDER
BQ2027_MB2739,lexA,0,2992893,2993546,1,1,0.00169779286926995,654,1,REPRESSOR LEXA
BQ2027_MB2745C,dapF,0,2999979,3000848,-1,0,0,870,0,PROBABLE DIAMINOPIMELATE EPIMERASE DAPF (DAP EPIMERASE)
BQ2027_MB2767C,pgsA3,0,3019588,3020217,-1,0,0,630,0,PROBABLE PGP SYNTHASE PGSA3 (CDP-DIACYLGLYCEROL--GLYCEROL-3-PHOSPHATE 3-PHOSPHATIDYLTRANSFERASE) (PHOSPHATIDYLGLYCEROPHOSPHATE SYNTHASE)
BQ2027_MB2774C,dapA,0,3027208,3028110,-1,0,0,903,0,PROBABLE DIHYDRODIPICOLINATE SYNTHASE DAPA (DHDPS) (DIHYDRODIPICOLINATE SYNTHETASE)
BQ2027_MB2784C,BQ2027_MB2784C,0,3033911,3034042,-1,0,0,132,0,CONSERVED HYPOTHETICAL PROTEIN [FIRST PART]
BQ2027_MB2785C,dfrA,0,3034116,3034595,-1,0,0,480,0,dihydrofolate reductase dfra (dhfr) (tetrahydrofolate dehydrogenase)
BQ2027_MB2795C,dapB,0,3042590,3043327,-1,0,0,738,0,DIHYDRODIPICOLINATE REDUCTASE DAPB (DHPR)
BQ2027_MB2806C,gpsI,0,3051300,3053558,-1,1,0.000491642084562439,2259,1,BIFUNCTIONAL PROTEIN POLYRIBONUCLEOTIDE NUCLEOTIDYLTRANSFERASE GPSI: GUANOSINE PENTAPHOSPHATE SYNTHETASE + POLYRIBONUCLEOTIDE NUCLEOTIDYLTRANSFERASE (POLYNUCLEOTIDE PHOSPHORYLASE) (PNPASE)
BQ2027_MB2809C,ribF,0,3054866,3055861,-1,1,0.00111482720178372,996,1,probable bifunctional fad synthetase/riboflavin biosynthesis protein ribf: riboflavin kinase (flavokinase) + fmn adenylyltransferase (fad pyrophosphorylase) (fad synthetase)(fad diphosphorylase) (flavin adenine dinucleotide synthetase)
BQ2027_MB2839C,BQ2027_MB2839C,0,3082393,3082719,-1,0,0,327,0,PROBABLE TRANSPOSASE
BQ2027_MB2849C,BQ2027_MB2849C,0,3093875,3094522,-1,0,0,648,0,CONSERVED HYPOTHETICAL PROTEIN
BQ2027_MB2852A,BQ2027_MB2852A,0,3097313,3097582,-1,0,0,270,0,Conserved hypothetical protein
BQ2027_MB2854C,vapb22,0,3097992,3098207,-1,0,0,216,0,possible antitoxin vapb22
BQ2027_MB2862C,nrnA,0,3104617,3105627,-1,0,0,1011,0,Cyclic-di-AMP phosphodiesterase MSMEG_2630
BQ2027_MB2864C,infB,0,3106153,3108855,-1,2,0.00082203041512536,2703,2,PROBABLE TRANSLATION INITIATION FACTOR IF-2 INFB
BQ2027_MB2866C,nusA,0,3109367,3110410,-1,1,0.00106382978723404,1044,1,PROBABLE N UTILIZATION SUBSTANCE PROTEIN A NUSA
BQ2027_MB2869,BQ2027_MB2869,0,3111695,3112183,1,0,0,489,0,conserved alanine rich protein
BQ2027_MB2871C,efpA,0,3114021,3115613,-1,1,0.000697350069735007,1593,1,POSSIBLE INTEGRAL MEMBRANE EFFLUX PROTEIN EFPA
BQ2027_MB2872C,cysG,0,3115636,3116853,-1,33,0.000911577028258888,1218,1,POSSIBLE MULTIFUNCTIONAL ENZYME SIROHEME SYNTHASE CYSG: UROPORPHYRIN-III C-METHYLTRANSFERASE (UROGEN III METHYLASE) (SUMT) (UROPORPHYRINOGEN III METHYLASE) (UROM) + PRECORRIN-2 OXIDASE + FERROCHELATASE
BQ2027_MB2883C,aldC,0,3130284,3131651,-1,0,0,1368,0,PROBABLE ALDEHYDE DEHYDROGENASE ALDC
BQ2027_MB2886C,mapB,0,3134088,3134945,-1,0,0,858,0,methionine aminopeptidase mapb (map) (peptidase m)
BQ2027_MB2893C,gcpE,0,3140296,3141459,-1,2,0.000954198473282443,1164,1,PROBABLE GCPE PROTEIN
BQ2027_MB2896,vapb43,0,3144066,3144323,1,0,0,258,0,possible antitoxin vapb43
BQ2027_MB2905C,cdsA,0,3151628,3152548,-1,1,0.00120627261761158,921,1,PROBABLE INTEGRAL MEMBRANE PHOSPHATIDATE CYTIDYLYLTRANSFERASE CDSA (CDP-DIGLYCERIDE SYNTHETASE) (CDP-DIGLYCERIDE PYROPHOSPHORYLASE) (CDP-DIACYLGLYCEROL SYNTHASE) (CDS) (CTP:PHOSPHATIDATE CYTIDYLYLTRANSFERASE) (CDP-DAG SYNTHASE) (CDP-DG SYNTHETASE)
BQ2027_MB2907C,pyrH,0,3153300,3154085,-1,0,0,786,0,PROBABLE URIDYLATE KINASE PYRH (UK) (URIDINE MONOPHOSPHATE KINASE) (UMP KINASE)
BQ2027_MB2913C,tsf,0,3159220,3160035,-1,0,0,816,0,PROBABLE ELONGATION FACTOR TSF (EF-TS)
BQ2027_MB2914C,rpsB,0,3160047,3160910,-1,0,0,864,0,30s ribosomal protein s2 rpsb
BQ2027_MB2927C,lepB,0,3173898,3174782,-1,0,0,885,0,PROBABLE SIGNAL PEPTIDASE I LEPB (SPASE I) (LEADER PEPTIDASE I).
BQ2027_MB2930C,trmD,0,3176593,3177285,-1,0,0,693,0,PROBABLE TRNA (GUANINE-N1)-METHYLTRANSFERASE TRMD (M1G-METHYLTRANSFERASE) (TRNA [GM37] METHYLTRANSFERASE)
BQ2027_MB2931C,rimM,0,3177289,3177819,-1,0,0,531,0,PROBABLE 16S RRNA PROCESSING PROTEIN RIMM
BQ2027_MB2933C,rpsP,0,3178083,3178571,-1,0,0,489,0,30s ribosomal protein s16 rpsp
BQ2027_MB2940C,ffh,0,3185636,3187213,-1,2,0.000703729767769177,1578,1,probable signal recognition particle protein ffh (fifty-four homolog) (srp protein)
BQ2027_MB2945C,ftsY,0,3193911,3195179,-1,0,0,1269,0,probable cell division protein ftsy (srp receptor) (signal recognition particle receptor)
BQ2027_MB2951C,BQ2027_MB2951C,0,3201533,3202156,-1,0,0,624,0,FIG01269488: protein, clustered with ribosomal protein L32p
BQ2027_MB2952C,BQ2027_MB2952C,0,3202207,3202944,-1,0,0,738,0,FIG00814129: Possible chaperone
BQ2027_MB2993C,BQ2027_MB2993C,0,3284810,3285577,-1,1,0.00144508670520231,768,1,POSSIBLE CONSERVED MEMBRANE OR SECRETED PROTEIN
BQ2027_MB2996,BQ2027_MB2996,0,3287202,3288050,1,0,0,849,0,PROBABLE OXIDOREDUCTASE
BQ2027_MB3001C,thiL,0,3293886,3294887,-1,0,0,1002,0,PROBABLE THIAMINE-MONOPHOSPHATE KINASE THIL (THIAMINE-PHOSPHATE KINASE)
BQ2027_MB3005C,ddlA,0,3297777,3298889,-1,0,0,1113,0,PROBABLE D-ALANINE--D-ALANINE LIGASE DDLA (D-ALANYLALANINE SYNTHETASE) (D-ALA-D-ALA LIGASE)
BQ2027_MB3007,cofC,0,3300090,3300734,1,1,0.00172117039586919,645,1,2-phospho-L-lactate guanylyltransferase (EC
BQ2027_MB3008,ppk,0,3300826,3303054,1,2,0.00049825610363727,2229,1,polyphosphate kinase ppk (polyphosphoric acid kinase) (atp-polyphosphate phosphotransferase)
BQ2027_MB3011C,leuD,0,3305005,3305601,-1,0,0,597,0,PROBABLE 3-ISOPROPYLMALATE DEHYDRATASE (SMALL SUBUNIT) LEUD (ISOPROPYLMALATE ISOMERASE) (ALPHA-IPM ISOMERASE) (IPMI)
BQ2027_MB3016C,gltS,0,3309777,3311249,-1,6,0.000754147812971342,1473,1,glutamyl-trna synthetase glts (glutamate--trna ligase) (glutamyl-trna synthase) (glurs)
BQ2027_MB3019C,leuB,0,3313486,3314496,-1,1,0.0010989010989011,1011,1,probable 3-isopropylmalate dehydrogenase leub (beta-ipm dehydrogenase) (imdh) (3-ipm-dh)
BQ2027_MB3020C,serA1,0,3314511,3316097,-1,1,0.000699790062981106,1587,1,PROBABLE D-3-PHOSPHOGLYCERATE DEHYDROGENASE SERA1 (PGDH)
BQ2027_MB3026C,ilvC,0,3320612,3321613,-1,0,0,1002,0,PROBABLE KETOL-ACID REDUCTOISOMERASE ILVC (Acetohydroxy-acid isomeroreductase) (Alpha-keto-beta-hydroxylacil reductoisomerase)
BQ2027_MB3027C,ilvN,0,3321651,3322157,-1,0,0,507,0,PROBABLE ACETOLACTATE SYNTHASE (SMALL SUBUNIT) ILVN (ACETOHYDROXY-ACID SYNTHASE) (AHAS) (ALS)
BQ2027_MB3028C,ilvB1,0,3322157,3324013,-1,0,0,1857,0,acetolactate synthase (large subunit) ilvb1 (acetohydroxy-acid synthase)
BQ2027_MB3031,lppZ,0,3325736,3326857,1,4,0.00099009900990099,1122,1,PROBABLE CONSERVED LIPOPROTEIN LPPZ
BQ2027_MB3034C,gatB,0,3328291,3329820,-1,0,0,1530,0,PROBABLE GLUTAMYL-TRNA(GLN) AMIDOTRANSFERASE (SUBUNIT B) GATB (Glu-ADT SUBUNIT B)
BQ2027_MB3036C,gatA,0,3330977,3332461,-1,0,0,1485,0,PROBABLE GLUTAMYL-TRNA(GLN) AMIDOTRANSFERASE (SUBUNIT A) GATA (Glu-ADT SUBUNIT A)
BQ2027_MB3037C,gatC,0,3332458,3332757,-1,0,0,300,0,PROBABLE GLUTAMYL-TRNA(GLN) AMIDOTRANSFERASE (SUBUNIT C) GATC (Glu-ADT SUBUNIT C)
BQ2027_MB3039C,ligA,0,3333572,3335647,-1,0,0,2076,0,dna ligase [nad dependent] liga (polydeoxyribonucleotide synthase [nad+])
BQ2027_MB3044C,PE27A,0,3339300,3339386,-1,0,0,87,0,pe family protein pe27a
BQ2027_MB3051C,iscS,0,3344857,3346038,-1,2,0.00093984962406015,1182,1,cysteine desulfurase iscs (nifs protein homolog) (nitrogenase metalloclusters biosynthesis protein nifs)
BQ2027_MB3054C,fixB,0,3348047,3349003,-1,4,0.00116009280742459,957,1,PROBABLE ELECTRON TRANSFER FLAVOPROTEIN (ALPHA-SUBUNIT) FIXB (ALPHA-ETF) (ELECTRON TRANSFER FLAVOPROTEIN LARGE SUBUNIT) (ETFLS)
BQ2027_MB3055C,fixA,0,3349042,3349842,-1,1,0.0013869625520111,801,1,PROBABLE ELECTRON TRANSFER FLAVOPROTEIN (BETA-SUBUNIT) FIXA (BETA-ETF) (ELECTRON TRANSFER FLAVOPROTEIN SMALL SUBUNIT) (ETFSS)
BQ2027_MB3056,BQ2027_MB3056,0,3350073,3350897,1,0,0,825,0,SAM-dependent methyltransferase
BQ2027_MB3057,BQ2027_MB3057,0,3350894,3352474,1,1,0.000702740688685875,1581,1,Glycogen branching enzyme, GH-57-type, archaeal (EC
BQ2027_MB3058,BQ2027_MB3058,0,3352506,3353750,1,0,0,1245,0,alpha (1->4) glucosyltransferase
BQ2027_MB3061,BQ2027_MB3061,0,3356351,3357433,1,0,0,1083,0,FOG- WD40-like repeat
BQ2027_MB3064C,BQ2027_MB3064C,0,3359397,3360380,-1,1,0.00112866817155756,984,1,Methyltransferase Rv3038c, type 11
BQ2027_MB3068C,serB2,0,3362905,3364134,-1,0,0,1230,0,PROBABLE PHOSPHOSERINE PHOSPHATASE SERB2 (PSP) (O-PHOSPHOSERINE PHOSPHOHYDROLASE) (PSPASE)
BQ2027_MB3069C,ctaD,0,3364172,3365893,-1,0,0,1722,0,PROBABLE CYTOCHROME C OXIDASE POLYPEPTIDE I CTAD (CYTOCHROME AA3 SUBUNIT 1)
BQ2027_MB3072C,BQ2027_MB3072C,0,3368286,3368660,-1,0,0,375,0,conserved protein
BQ2027_MB3074C,nrdF2,0,3369376,3370350,-1,0,0,975,0,RIBONUCLEOSIDE-DIPHOSPHATE REDUCTASE (BETA CHAIN) NRDF2 (RIBONUCLEOTIDE REDUCTASE SMALL SUBUNIT) (R2F PROTEIN)
BQ2027_MB3127C,smpB,0,3430260,3430742,-1,0,0,483,0,PROBABLE SSRA-BINDING PROTEIN SMPB
BQ2027_MB3132C,prfB,0,3433727,3434863,-1,0,0,1137,0,PROBABLE PEPTIDE CHAIN RELEASE FACTOR 2 PRFB (RF-2)
BQ2027_MB3140,BQ2027_MB3140,0,3441033,3441701,1,0,0,669,0,POSSIBLE PHOSPHATASE
BQ2027_MB3207C,vapB49,0,3511353,3511805,-1,0,0,453,0,Antitoxin of toxin-antitoxin stability system
BQ2027_MB3209,BQ2027_MB3209,0,3512377,3512706,1,0,0,330,0,POSSIBLE TRANSCRIPTIONAL REGULATORY PROTEIN
BQ2027_MB3231C,moeB1,0,3541487,3542662,-1,1,0.000944287063267233,1176,1,PROBABLE MOLYBDENUM COFACTOR BIOSYNTHESIS PROTEIN MOEB1 (MPT-SYNTHASE SULFURYLASE) (MOLYBDOPTERIN SYNTHASE SULPHURYLASE)
BQ2027_MB3236C,BQ2027_MB3236C,0,3545796,3546491,-1,1,0.00159489633173844,696,1,conserved protein
BQ2027_MB3245,whiB1,0,3554722,3554976,1,0,0,255,0,transcriptional regulatory protein whib-like whib1. contains [4fe-4s]2+ cluster.
BQ2027_MB3248C,rsha,0,3557060,3557365,-1,0,0,306,0,anti-sigma factor rsha
BQ2027_MB3249C,BQ2027_MB3249C,0,3557362,3557913,-1,0,0,552,0,CONSERVED HYPOTHETICAL PROTEIN
BQ2027_MB3256,aroA,0,3562386,3563738,1,102,0.00164203612479475,1353,2,3-PHOSPHOSHIKIMATE 1-CARBOXYVINYLTRANSFERASE AROA (5-ENOLPYRUVYLSHIKIMATE-3-PHOSPHATE SYNTHASE) (EPSP SYNTHASE) (EPSPS)
BQ2027_MB3268C,secA1,0,3576692,3579541,-1,1,0.000389863547758285,2850,1,PROBABLE PREPROTEIN TRANSLOCASE SECA1 1 SUBUNIT
BQ2027_MB3271C,BQ2027_MB3271C,0,3581259,3582101,-1,1,0.00131752305665349,843,1,unknown protein
BQ2027_MB3272C,lpqB,0,3582169,3583920,-1,1,0.000634115409004439,1752,1,PROBABLE CONSERVED LIPOPROTEIN LPQB
BQ2027_MB3274C,mtrA,0,3585673,3586359,-1,0,0,687,0,TWO COMPONENT SENSORY TRANSDUCTION TRANSCRIPTIONAL REGULATORY PROTEIN MTRA
BQ2027_MB3275C,tmk,0,3586429,3587073,-1,1,0.00172117039586919,645,1,thymidylate kinase tmk (dtmp kinase) (thymidylic acid kinase) (tmpk)
BQ2027_MB3276C,sahH,0,3587170,3588657,-1,0,0,1488,0,PROBABLE ADENOSYLHOMOCYSTEINASE SAHH (S-ADENOSYL-L-HOMOCYSTEINE HYDROLASE) (ADOHCYASE)
BQ2027_MB3285C,pmma,0,3596322,3597719,-1,1,0.00079428117553614,1398,1,probable phosphomannomutase pmma (pmm) (phosphomannose mutase)
BQ2027_MB3287,BQ2027_MB3287,0,3598435,3598854,1,0,0,420,0,CONSERVED HYPOTHETICAL PROTEIN
BQ2027_MB3288C,whiB2,0,3598882,3599151,-1,0,0,270,0,PROBABLE TRANSCRIPTIONAL REGULATORY PROTEIN WHIB-LIKE WHIB2
BQ2027_MB3292C,manC,0,3603908,3604987,-1,1,0.00102880658436214,1080,1,d-alpha-d-mannose-1-phosphate guanylyltransferase manb (d-alpha-d-heptose-1-phosphate guanylyltransferase)
BQ2027_MB3294C,rmlD,0,3605893,3606807,-1,0,0,915,0,dtdp-6-deoxy-l-lyxo-4-hexulose reductase rmld (dtdp-rhamnose modification protein) (dtdp-rhamnose biosynthesis protein) (dtdp-rhamnose synthase)
BQ2027_MB3304C,purK,0,3617633,3618922,-1,0,0,1290,0,PROBABLE PHOSPHORIBOSYLAMINOIMIDAZOLE CARBOXYLASE ATPASE SUBUNIT PURK (AIR CARBOXYLASE) (AIRC)
BQ2027_MB3309,acce5,0,3622687,3623157,1,0,0,471,0,probable bifunctional protein acetyl-/propionyl-coenzyme a carboxylase (epsilon chain) acce5
BQ2027_MB3313,accA3,0,3625292,3627094,1,0,0,1803,0,PROBABLE BIFUNCTIONAL PROTEIN ACETYL-/PROPIONYL-COENZYME A CARBOXYLASE (ALPHA CHAIN) ACCA3: BIOTIN CARBOXYLASE + BIOTIN CARBOXYL CARRIER PROTEIN (BCCP)
BQ2027_MB3369C,trpS,0,3684283,3685293,-1,1,0.0010989010989011,1011,1,PROBABLE TRYPTOPHANYL-TRNA SYNTHETASE TRPS (TRYPTOPHAN--TRNA LIGASE) (TRPRS) (TRYPTOPHAN TRANSLASE)
BQ2027_MB3373,metA,0,3689151,3690290,1,0,0,1140,0,PROBABLE HOMOSERINE O-ACETYLTRANSFERASE META (HOMOSERINE O-TRANS-ACETYLASE) (HOMOSERINE TRANSACETYLASE) (HTA)
BQ2027_MB3387C,BQ2027_MB3387C,0,3726161,3726532,-1,0,0,372,0,POSSIBLE OXIDOREDUCTASE
BQ2027_MB3391C,folD,0,3727743,3728588,-1,0,0,846,0,PROBABLE BIFUNCTIONAL PROTEIN FOLD: METHYLENETETRAHYDROFOLATE DEHYDROGENASE + METHENYLTETRAHYDROFOLATE CYCLOHYDROLASE
BQ2027_MB3407,otsB2,0,3744367,3745542,1,0,0,1176,0,trehalose 6-phosphate phosphatase otsb2 (trehalose-phosphatase) (tpp)
BQ2027_MB3427C,BQ2027_MB3427C,0,3767772,3768386,-1,0,0,615,0,damage tolerance
BQ2027_MB3429C,guaA,0,3769251,3770828,-1,0,0,1578,0,PROBABLE GMP SYNTHASE [GLUTAMINE-HYDROLYZING] GUAA (GLUTAMINE AMIDOTRANSFERASE) (GMP SYNTHETASE)
BQ2027_MB3444C,guaB3,0,3785824,3786951,-1,0,0,1128,0,PROBABLE INOSINE-5'-MONOPHOSPHATE DEHYDROGENASE GUAB3 (IMP DEHYDROGENASE) (INOSINIC ACID DEHYDROGENASE) (INOSINATE DEHYDROGENASE) (IMP OXIDOREDUCTASE) (INOSINE-5'-MONOPHOSPHATE OXIDOREDUCTASE) (IMPDH) (IMPD)
BQ2027_MB3452C,groES,0,3794027,3794329,-1,0,0,303,0,10 KDA CHAPERONIN GROES (PROTEIN CPN10) (PROTEIN GROES) (BCG-A HEAT SHOCK PROTEIN) (10 KDA ANTIGEN)
BQ2027_MB3456C,tsaE,0,3796732,3797238,-1,0,0,507,0,tRNA threonylcarbamoyladenosine biosynthesis protein TsaE
BQ2027_MB3466C,glmS,0,3807130,3809004,-1,0,0,1875,0,PROBABLE GLUCOSAMINE--FRUCTOSE-6-PHOSPHATE AMINOTRANSFERASE [ISOMERIZING] GLMS (HEXOSEPHOSPHATE AMINOTRANSFERASE) (D-FRUCTOSE-6-PHOSPHATE AMIDOTRANSFERASE) (GFAT) (L-GLUTAMINE-D-FRUCTOSE-6-PHOSPHATE AMIDOTRANSFERASE) (GLUCOSAMINE-6-PHOSPHATE SYNTHASE)
BQ2027_MB3471C,mrsA,0,3812139,3813485,-1,0,0,1347,0,PROBABLE PHOSPHO-SUGAR MUTASE / MRSA PROTEIN HOMOLOG
BQ2027_MB3473C,rplM,0,3814062,3814505,-1,0,0,444,0,50s ribosomal protein l13 rplm
BQ2027_MB3485C,rplQ,0,3829003,3829545,-1,0,0,543,0,50s ribosomal protein l17 rplq
BQ2027_MB3486C,rpoA,0,3829577,3830620,-1,0,0,1044,0,PROBABLE DNA-DIRECTED RNA POLYMERASE (ALPHA CHAIN) RPOA (TRANSCRIPTASE ALPHA CHAIN) (RNA POLYMERASE ALPHA SUBUNIT) (DNA-DIRECTED RNA NUCLEOTIDYLTRANSFERASE)
BQ2027_MB3488C,rpsK,0,3831382,3831801,-1,0,0,420,0,30s ribosomal protein s11 rpsk
BQ2027_MB3489C,rpsM,0,3831805,3832179,-1,0,0,375,0,30s ribosomal protein s13 rpsm
BQ2027_MB3490C,rpmJ,0,3832395,3832508,-1,0,0,114,0,50s ribosomal protein l36 rpmj
BQ2027_MB3493,rmlB1,0,3833946,3834941,1,0,0,996,0,dtdp-glucose 4,6-dehydratase rmlb
BQ2027_MB3494,rmlC,0,3834943,3835551,1,0,0,609,0,dtdp-4-dehydrorhamnose 3,5-epimerase rmlc (dtdp-4-keto-6-deoxyglucose 3,5-epimerase) (dtdp-l-rhamnose synthetase) (thymidine diphospho-4-keto-rhamnose 3,5-epimerase)
BQ2027_MB3581,BQ2027_MB3581,0,3937524,3938402,1,4,0.00126262626262626,879,1,POSSIBLE COA-TRANSFERASE (ALPHA SUBUNIT)
BQ2027_MB3611C,cysS1,0,3970022,3971431,-1,0,0,1410,0,CYSTEINYL-TRNA SYNTHETASE 1 CYSS1 (CYSTEINE--TRNA LIGASE 1) (CYSRS 1) (CYSTEINE TRANSLASE)
BQ2027_MB3612C,ispF,0,3971496,3971975,-1,0,0,480,0,PROBABLE 2C-METHYL-D-ERYTHRITOL 2,4-CYCLODIPHOSPHATE SYNTHASE ISPF (MECPS)
BQ2027_MB3613C,ispD,0,3971972,3972667,-1,0,0,696,0,4-diphosphocytidyl-2c-methyl-d-erythritol synthase ispd (mep cytidylyltransferase) (mct)
BQ2027_MB3614C,BQ2027_MB3614C,0,3972684,3973172,-1,0,0,489,0,possible transcription factor
BQ2027_MB3618C,BQ2027_MB3618C,0,3976595,3977389,-1,0,0,795,0,PROBABLE CONSERVED MEMBRANE PROTEIN
BQ2027_MB3619C,canb,0,3977498,3978121,-1,1,0.00177935943060498,624,1,beta-carbonic anhydrase canb
BQ2027_MB3627C,clpC,0,3985811,3988357,-1,1,0.000436109899694723,2547,1,probable atp-dependent protease atp-binding subunit clpc1
BQ2027_MB3628C,lsr2,0,3988634,3988972,-1,0,0,339,0,iron-regulated h-ns-like protein lsr2
BQ2027_MB3629C,lysS,0,3989076,3990593,-1,2,0.00146305779078274,1518,2,LYSYL-TRNA SYNTHETASE 1 LYSS (LYSINE--TRNA LIGASE 1) (LYSRS 1) (LYSINE TRANSLASE)
BQ2027_MB3631C,panD,0,3991515,3991934,-1,0,0,420,0,PROBABLE ASPARTATE 1-DECARBOXYLASE PRECURSOR PAND (ASPARTATE ALPHA-DECARBOXYLASE)
BQ2027_MB3632C,panC,0,3991934,3992863,-1,0,0,930,0,pantoate--beta-alanine ligase panc (pantothenate synthetase) (pantoate activating enzyme)
BQ2027_MB3634C,BQ2027_MB3634C,0,3993956,3995149,-1,0,0,1194,0,PROBABLE CONSERVED TRANSMEMBRANE PROTEIN RICH IN ALANINE AND ARGININE AND PROLINE
BQ2027_MB3638C,folP1,0,3996791,3997633,-1,0,0,843,0,DIHYDROPTEROATE SYNTHASE 1 FOLP (DHPS 1) (DIHYDROPTEROATE PYROPHOSPHORYLASE 1) (DIHYDROPTEROATE DIPHOSPHORYLASE 1)
BQ2027_MB3639C,folE,0,3997630,3998238,-1,0,0,609,0,GTP CYCLOHYDROLASE I FOLE (GTP-CH-I)
BQ2027_MB3641,BQ2027_MB3641,0,4000603,4001145,1,0,0,543,0,HYPOTHETICAL ARGININE AND PROLINE RICH PROTEIN
BQ2027_MB3648C,hpt,0,4004903,4005553,-1,1,0.00170648464163823,651,1,HYPOXANTHINE-GUANINE PHOSPHORIBOSYLTRANSFERASE HPT (HGPRT) (HGPRTase) (HYPOXANTHINE PHOSPHORIBOSYLTRANSFERASE) (IMP PYROPHOSPHORYLASE) (IMP DIPHOSPHORYLASE) (TRANSPHOSPHORIBOSYLTRANSFERASE) (GUANINE PHOSPHORIBOSYLTRANSFERASE)
BQ2027_MB3649C,mesJ,0,4005550,4006521,-1,0,0,972,0,POSSIBLE CELL CYCLE PROTEIN MESJ
BQ2027_MB3651C,BQ2027_MB3651C,0,4007549,4008934,-1,1,0.000801282051282051,1386,1,D-alanyl-D-alanine carboxypeptidase (EC
BQ2027_MB3659,BQ2027_MB3659,0,4015283,4017058,1,4,0.000625390869293308,1776,1,PROBABLE CONSERVED TRANSMEMBRANE PROTEIN
BQ2027_MB3666C,BQ2027_MB3666C,0,4022220,4022414,-1,0,0,195,0,HYPOTHETICAL PROTEIN
BQ2027_MB3668C,BQ2027_MB3668C,0,4023165,4024370,-1,1,0.000920810313075506,1206,1,possible dna polymerase
BQ2027_MB3669,BQ2027_MB3669,0,4024456,4026105,1,2,0.000673400673400673,1650,1,PROBABLE CONSERVED TRANSMEMBRANE PROTEIN
BQ2027_MB3670C,topA,0,4026102,4028906,-1,1,0.000396039603960396,2805,1,dna topoisomerase i topa (omega-protein) (relaxing enzyme) (untwisting enzyme) (swivelase) (type i dna topoisomerase) (nicking-closing enzyme) (topo i)
BQ2027_MB3672C,cspA,0,4029977,4030180,-1,0,0,204,0,PROBABLE COLD SHOCK PROTEIN A CSPA
BQ2027_MB3686C,BQ2027_MB3686C,0,4043024,4043794,-1,1,0.00144092219020173,771,1,Putative oxidoreductase
BQ2027_MB3693,BQ2027_MB3693,0,4052586,4053104,1,0,0,519,0,PROBABLE CONSERVED TRANSMEMBRANE PROTEIN
BQ2027_MB3697C,BQ2027_MB3697C,0,4056233,4056916,-1,0,0,684,0,POSSIBLE MEMBRANE-ANCHORED THIOREDOXIN-LIKE PROTEIN (THIOL-DISULFIDE INTERCHANGE RELATED PROTEIN)
BQ2027_MB3700,crp,0,4058237,4058911,1,0,0,675,0,transcriptional regulatory protein crp (crp/fnr-family)
BQ2027_MB3735C,asd,0,4092940,4093977,-1,0,0,1038,0,ASPARTATE-SEMIALDEHYDE DEHYDROGENASE ASD (ASA DEHYDROGENASE) (ASADH) (ASPARTIC SEMIALDEHYDE DEHYDROGENASE) (L-ASPARTATE-BETA-SEMIALDEHYDE DEHYDROGENASE)
BQ2027_MB3736C,ask,0,4093978,4095243,-1,0,0,1266,0,ASPARTOKINASE ASK (ASPARTATE KINASE) [CONTAINS: ASPARTOKINASE ALPHA SUBUNIT (ASK-ALPHA); AND ASPARTOKINASE BETA SUBUNIT (ASK-BETA)]
BQ2027_MB3739,BQ2027_MB3739,0,4098853,4100094,1,0,0,1242,0,POSSIBLE LIGASE
BQ2027_MB3740,cobQ2,0,4100099,4100794,1,0,0,696,0,POSSIBLE COBYRIC ACID SYNTHASE COBQ2
BQ2027_MB3748C,dnaZX,0,4106867,4108603,-1,0,0,1737,0,DNA POLYMERASE III (SUBUNIT GAMMA/TAU) DNAZ/X
BQ2027_MB3749C,BQ2027_MB3749C,0,4108693,4110000,-1,0,0,1308,0,Aspartate transaminase (EC
BQ2027_MB3779C,BQ2027_MB3779C,0,4140427,4140948,-1,0,0,522,0,conserved protein
BQ2027_MB3780,tyrA,0,4141127,4142032,1,0,0,906,0,PREPHENATE DEHYDROGENASE TYRA (PDH) (HYDROXYPHENYLPYRUVATE SYNTHASE)
BQ2027_MB3790C,tcry,0,4150288,4151715,-1,0,0,1428,0,possible two component sensor kinase tcry
BQ2027_MB3807C,BQ2027_MB3807C,0,4164406,4165602,-1,1,0.000927643784786642,1197,1,POSSIBLE AMINOTRANSFERASE
BQ2027_MB3810,rfbE,0,4168236,4169057,1,0,0,822,0,PROBABLE O-ANTIGEN/LIPOPOLYSACCHARIDE TRANSPORT ATP-BINDING PROTEIN ABC TRANSPORTER RFBE
BQ2027_MB3811,glft1,0,4169054,4169968,1,0,0,915,0,udp-galactofuranosyl transferase glft1
BQ2027_MB3812,rfbD,0,4169965,4170807,1,0,0,843,0,PROBABLE O-ANTIGEN/LIPOPOLYSACCHARIDE TRANSPORT INTEGRAL MEMBRANE PROTEIN ABC TRANSPORTER RFBD
BQ2027_MB3818,BQ2027_MB3818,0,4176081,4176446,1,0,0,366,0,gtra family protein
BQ2027_MB3820,dpre2,0,4177872,4178636,1,1,0.00145137880986938,765,1,decaprenylphosphoryl-d-2-keto erythro pentose reductase
BQ2027_MB3822,embC,0,4180570,4183854,1,143,0.00169090294217112,3285,5,INTEGRAL MEMBRANE INDOLYLACETYLINOSITOL ARABINOSYLTRANSFERASE EMBC (ARABINOSYLINDOLYLACETYLINOSITOL SYNTHASE)
BQ2027_MB3824,embB,0,4187221,4190517,1,1,0.000336927223719677,3297,1,INTEGRAL MEMBRANE INDOLYLACETYLINOSITOL ARABINOSYLTRANSFERASE EMBB (ARABINOSYLINDOLYLACETYLINOSITOL SYNTHASE)
BQ2027_MB3829C,accD4,0,4195065,4196633,-1,1,0.000707714083510262,1569,1,PROBABLE PROPIONYL-COA CARBOXYLASE BETA CHAIN 4 ACCD4 (PCCASE) (PROPANOYL-COA:CARBON DIOXIDE LIGASE)
BQ2027_MB3830C,pks13,0,4196630,4201831,-1,2,0.000427167876975651,5202,2,POLYKETIDE SYNTHASE PKS13
BQ2027_MB3831C,fadD32,0,4201838,4203751,-1,3,0.00174114915844457,1914,3,fatty-acid-amp ligase fadd32 (fatty-acid-amp synthetase) (fatty-acid-amp synthase). also shown to have acyl-acp ligase activity.
BQ2027_MB3832C,BQ2027_MB3832C,0,4204040,4205050,-1,1,0.0010989010989011,1011,1,probable conserved membrane protein
BQ2027_MB3834C,fbpA,0,4206327,4207343,-1,0,0,1017,0,SECRETED ANTIGEN 85-A FBPA (MYCOLYL TRANSFERASE 85A) (FIBRONECTIN-BINDING PROTEIN A) (ANTIGEN 85 COMPLEX A)
BQ2027_MB3835C,aftb,0,4207638,4209521,-1,0,0,1884,0,possible arabinofuranosyltransferase aftb
BQ2027_MB3836C,ubia,0,4209610,4210518,-1,1,0.00122100122100122,909,1,decaprenylphosphoryl-5-phosphoribose (dppr) synthase (decaprenyl-phosphate 5-phosphoribosyltransferase)
BQ2027_MB3838C,glft2,0,4211051,4212964,-1,0,0,1914,0,bifunctional udp-galactofuranosyl transferase glft2
BQ2027_MB3839C,glf,0,4212961,4214160,-1,0,0,1200,0,UDP-GALACTOPYRANOSE MUTASE GLF (UDP-GALP MUTASE) (NAD+-FLAVIN ADENINE DINUCLEOTIDE-REQUIRING ENZYME)
BQ2027_MB3864C,serS,0,4248340,4249599,-1,1,0.000881834215167548,1260,1,SERYL-TRNA SYNTHETASE SERS (SERINE--TRNA LIGASE) (SERRS) (SERINE TRANSLASE)
BQ2027_MB3876,sodA,0,4261389,4262012,1,0,0,624,0,SUPEROXIDE DISMUTASE [FE] SODA
BQ2027_MB3888C,gltD,0,4270724,4272190,-1,1,0.000757002271006813,1467,1,probable nadh-dependent glutamate synthase (small subunit) gltd (l-glutamate synthase) (l-glutamate synthetase) (nadh-glutamate synthase) (glutamate synthase (nadh)) (glts beta chain) (nadph-gogat)
BQ2027_MB3889C,gltB,0,4272183,4276766,-1,0,0,4584,0,probable ferredoxin-dependent glutamate synthase [nadph] (large subunit) gltb (l-glutamate synthase) (l-glutamate synthetase) (nadh-glutamate synthase) (glutamate synthase (nadh))(nadph-gogat)
BQ2027_MB3937C,pcnA,0,4330004,4331446,-1,1,0.000769822940723634,1443,1,probable poly(a) polymerase pcna (polynucleotide adenylyltransferase) (ntp polymerase) (rna adenylating enzyme) (poly(a) polymerase)
BQ2027_MB3939,BQ2027_MB3939,0,4332565,4334973,1,0,0,2409,0,FIG01967133: Putative secreted protein
BQ2027_MB3944,trxB2,0,4340100,4341107,1,0,0,1008,0,PROBABLE THIOREDOXIN REDUCTASE TRXB2 (TRXR) (TR)
BQ2027_MB3948C,parB,0,4343829,4344863,-1,0,0,1035,0,PROBABLE CHROMOSOME PARTITIONING PROTEIN PARB
BQ2027_MB3949C,parA,0,4344860,4345903,-1,0,0,1044,0,PROBABLE CHROMOSOME PARTITIONING PROTEIN PARA
BQ2027_MB3952C,BQ2027_MB3952C,0,4347341,4348441,-1,0,0,1101,0,PROBABLE CONSERVED TRANSMEMBRANE PROTEIN
BQ2027_MB3955C,rpmH,0,4349158,4349301,-1,0,0,144,0,50S RIBOSOMAL PROTEIN L34 RPMH
